Domain Name,Domain Type,Agency,Organization,City,State,Security Contact Email
aasis.omha.hhs.gov,,,National Institutes of Health,,,
abapps.nlm.nih.gov,,,National Institutes of Health,,,
abcd.nih.gov,,,National Institutes of Health,,,
abcsr-cds.cancer.gov,,,National Institutes of Health,,,
abs.cit.nih.gov,,,National Institutes of Health,,,
accessdata.fda.gov,,,National Institutes of Health,,,
accessgudid.nlm.nih.gov,,,National Institutes of Health,,,
acdwg.od.nih.gov,,,National Institutes of Health,,,
acq-map.od.nih.gov,,,National Institutes of Health,,,
afni-dev.nimh.nih.gov,,,National Institutes of Health,,,
afni.nimh.nih.gov,,,National Institutes of Health,,,
ageweb.irp.nia.nih.gov,,,National Institutes of Health,,,
agreementbuilder.hhs.gov,,,National Institutes of Health,,,
ahrq.gov,,,National Institutes of Health,,,
ai-aspshr.niaid.nih.gov,,,National Institutes of Health,,,
ai-aspshrdev1.niaid.nih.gov,,,National Institutes of Health,,,
ai-biscasperaprd1.niaid.nih.gov,,,National Institutes of Health,,,
ai-cardprd1.niaid.nih.gov,,,National Institutes of Health,,,
ai-datafaxprd3.niaid.nih.gov,,,National Institutes of Health,,,
ai-flphntmprd1.niaid.nih.gov,,,National Institutes of Health,,,
ai-globusprd3.niaid.nih.gov,,,National Institutes of Health,,,
ai-globusprd4.niaid.nih.gov,,,National Institutes of Health,,,
ai-sccmdmzprd3.niaid.nih.gov,,,National Institutes of Health,,,
ai-wdtjlb3-vip.niaid.nih.gov,,,National Institutes of Health,,,
aldo.ctss.nih.gov,,,National Institutes of Health,,,
ambismobile.niaid.nih.gov,,,National Institutes of Health,,,
ambismobileqa.niaid.nih.gov,,,National Institutes of Health,,,
ambsurvey.nichd.nih.gov,,,National Institutes of Health,,,
amri.ninds.nih.gov,,,National Institutes of Health,,,
annualreport.nichd.nih.gov,,,National Institutes of Health,,,
anonsvn.ncbi.nlm.nih.gov,,,National Institutes of Health,,,
antibodies.cancer.gov,,,National Institutes of Health,,,
anxietycognition.ctss.nih.gov,,,National Institutes of Health,,,
anxietyexercise.ctss.nih.gov,,,National Institutes of Health,,,
api.ncbi.nlm.nih.gov,,,National Institutes of Health,,,
api.rarediseases.info.nih.gov,,,National Institutes of Health,,,
api.reporter.nih.gov,,,National Institutes of Health,,,
apps.nlm.nih.gov,,,National Institutes of Health,,,
apps2.nlm.nih.gov,,,National Institutes of Health,,,
appvol.ninds.nih.gov,,,National Institutes of Health,,,
archive.nlm.nih.gov,,,National Institutes of Health,,,
archives.nih.gov,,,National Institutes of Health,,,
art.csr.nih.gov,,,National Institutes of Health,,,
artifactory.niaid.nih.gov,,,National Institutes of Health,,,
arusha.nhgri.nih.gov,,,National Institutes of Health,,,
ascend-dm.ctss.nih.gov,,,National Institutes of Health,,,
askmedline.nlm.nih.gov,,,National Institutes of Health,,,
aspera-immport.niaid.nih.gov,,,National Institutes of Health,,,
asr-api.ncats.nih.gov,,,National Institutes of Health,,,
asr.ncats.nih.gov,,,National Institutes of Health,,,
asrp.hhs.gov,,,National Institutes of Health,,,
asthmabirthcohorts.niaid.nih.gov,,,National Institutes of Health,,,
auth.ncats.nih.gov,,,National Institutes of Health,,,
auth.ncbi.nlm.nih.gov,,,National Institutes of Health,,,
auth.nih.gov,,,National Institutes of Health,,,
authdev.nih.gov,,,National Institutes of Health,,,
authproxy.nih.gov,,,National Institutes of Health,,,
authproxydev.nih.gov,,,National Institutes of Health,,,
authproxytest.nih.gov,,,National Institutes of Health,,,
authtest.nih.gov,,,National Institutes of Health,,,
avia-abcc.ncifcrf.gov,,,National Institutes of Health,,,
bars.irp.nia.nih.gov,,,National Institutes of Health,,,
bcgcfm1.ncifcrf.gov,,,National Institutes of Health,,,
bcgcfm2.ncifcrf.gov,,,National Institutes of Health,,,
bcgcfm3.ncifcrf.gov,,,National Institutes of Health,,,
bgj398.ctss.nih.gov,,,National Institutes of Health,,,
big.nhlbi.nih.gov,,,National Institutes of Health,,,
binkley2.ncifcrf.gov,,,National Institutes of Health,,,
biobeat.nigms.nih.gov,,,National Institutes of Health,,,
biodbnet-abcc.ncifcrf.gov,,,National Institutes of Health,,,
bioethics.nih.gov,,,National Institutes of Health,,,
bioethicsapps.cc.nih.gov,,,National Institutes of Health,,,
bioinfo-abcc.ncifcrf.gov,,,National Institutes of Health,,,
bioinformatics.nhlbi.nih.gov,,,National Institutes of Health,,,
biomedicalresearchworkforce.nih.gov,,,National Institutes of Health,,,
biomedicalresearchworkgroup.nih.gov,,,National Institutes of Health,,,
bionlp.nlm.nih.gov,,,National Institutes of Health,,,
biospecimens.cancer.gov,,,National Institutes of Health,,,
bioweboirprod11.nhgri.nih.gov,,,National Institutes of Health,,,
biowebprod02.nhgri.nih.gov,,,National Institutes of Health,,,
biowebprod08.nhgri.nih.gov,,,National Institutes of Health,,,
biowebprod15.nhgri.nih.gov,,,National Institutes of Health,,,
biowebprod17.nhgri.nih.gov,,,National Institutes of Health,,,
bisti.nih.gov,,,National Institutes of Health,,,
bisulfite.nichd.nih.gov,,,National Institutes of Health,,,
blast-vip.st-va.ncbi.nlm.nih.gov,,,National Institutes of Health,,,
blast.ncbi.nlm.nih.gov,,,National Institutes of Health,,,
bodineweb01.nhgri.nih.gov,,,National Institutes of Health,,,
bookshelf.ncbi.nlm.nih.gov,,,National Institutes of Health,,,
botdb-abcc.ncifcrf.gov,,,National Institutes of Health,,,
botdb.abcc.ncifcrf.gov,,,National Institutes of Health,,,
brads.nichd.nih.gov,,,National Institutes of Health,,,
braindevelopment.ctss.nih.gov,,,National Institutes of Health,,,
brainonpain.ctss.nih.gov,,,National Institutes of Health,,,
brat.nlm.nih.gov,,,National Institutes of Health,,,
brb.nci.nih.gov,,,National Institutes of Health,,,
brd.nci.nih.gov,,,National Institutes of Health,,,
breakitup.nichd.nih.gov,,,National Institutes of Health,,,
brics.cit.nih.gov,,,National Institutes of Health,,,
brics.nei.nih.gov,,,National Institutes of Health,,,
bricsguid.nia.nih.gov,,,National Institutes of Health,,,
bricsguid.ninds.nih.gov,,,National Institutes of Health,,,
bricsnei-dd-demo.cit.nih.gov,,,National Institutes of Health,,,
bricsnei-demo.cit.nih.gov,,,National Institutes of Health,,,
bsc.irp.nia.nih.gov,,,National Institutes of Health,,,
bsc.nei.nih.gov,,,National Institutes of Health,,,
bsc2.irp.nia.nih.gov,,,National Institutes of Health,,,
btep.ccr.cancer.gov,,,National Institutes of Health,,,
btris.nih.gov,,,National Institutes of Health,,,
c-rads.od.nih.gov,,,National Institutes of Health,,,
cactus.nci.nih.gov,,,National Institutes of Health,,,
cadsrapi.nci.nih.gov,,,National Institutes of Health,,,
cadsrpasswordchange.nci.nih.gov,,,National Institutes of Health,,,
cahnathx.nichd.nih.gov,,,National Institutes of Health,,,
calendar.niehs.nih.gov,,,National Institutes of Health,,,
calendar.nih.gov,,,National Institutes of Health,,,
cam.cancer.gov,,,National Institutes of Health,,,
campus-vpn.niaid.nih.gov,,,National Institutes of Health,,,
cananolab.nci.nih.gov,,,National Institutes of Health,,,
cancer.gov,,,National Institutes of Health,,,
cancercontrolplanet.cancer.gov,,,National Institutes of Health,,,
captcha.nlm.nih.gov,,,National Institutes of Health,,,
card.niaid.nih.gov,,,National Institutes of Health,,,
cards.od.nih.gov,,,National Institutes of Health,,,
careertrac.niehs.nih.gov,,,National Institutes of Health,,,
cc-vpn.cc.nih.gov,,,National Institutes of Health,,,
cc.nih.gov,,,National Institutes of Health,,,
ccbr.ccr.cancer.gov,,,National Institutes of Health,,,
cccasper.cc.nih.gov,,,National Institutes of Health,,,
cccitrixaccess.cc.nih.gov,,,National Institutes of Health,,,
ccr2.cancer.gov,,,National Institutes of Health,,,
ccrweb.cancer.gov,,,National Institutes of Health,,,
cct.cc.nih.gov,,,National Institutes of Health,,,
ccvpn.cc.nih.gov,,,National Institutes of Health,,,
cdc.gov,,,National Institutes of Health,,,
cde.wip.nlm.nih.gov,,,National Institutes of Health,,,
cdecurate.nci.nih.gov,,,National Institutes of Health,,,
cdp.cancer.gov,,,National Institutes of Health,,,
cdrns-dd-demo.cit.nih.gov,,,National Institutes of Health,,,
cdrns-demo.cit.nih.gov,,,National Institutes of Health,,,
cdrns.nih.gov,,,National Institutes of Health,,,
cehtaskforcestage.niehs.nih.gov,,,National Institutes of Health,,,
centralguid-demo.cit.nih.gov,,,National Institutes of Health,,,
centralguid.cit.nih.gov,,,National Institutes of Health,,,
cgb.nichd.nih.gov,,,National Institutes of Health,,,
cgci-data.nci.nih.gov,,,National Institutes of Health,,,
chem.nlm.nih.gov,,,National Institutes of Health,,,
chemdata.nist.gov,,,National Institutes of Health,,,
chemdb.niaid.nih.gov,,,National Institutes of Health,,,
chemm.nlm.nih.gov,,,National Institutes of Health,,,
chi.nhlbi.nih.gov,,,National Institutes of Health,,,
chi.niaid.nih.gov,,,National Institutes of Health,,,
chiqa.nlm.nih.gov,,,National Institutes of Health,,,
chqa.nlm.nih.gov,,,National Institutes of Health,,,
cio.egos.nih.gov,,,National Institutes of Health,,,
circinteractome.irp.nia.nih.gov,,,National Institutes of Health,,,
circinteractome.nia.nih.gov,,,National Institutes of Health,,,
cistar-demo.ninds.nih.gov,,,National Institutes of Health,,,
cistar.ninds.nih.gov,,,National Institutes of Health,,,
citdcbmipav.cit.nih.gov,,,National Institutes of Health,,,
citjamf.cit.nih.gov,,,National Institutes of Health,,,
citjamfdmz.nih.gov,,,National Institutes of Health,,,
cjpca.ninds.nih.gov,,,National Institutes of Health,,,
class.cancer.gov,,,National Institutes of Health,,,
clinicalcenter.nih.gov,,,National Institutes of Health,,,
clinicalinfo.hiv.gov,,,National Institutes of Health,,,
clinicalstudies.info.nih.gov,,,National Institutes of Health,,,
clinicalsurvey.nichd.nih.gov,,,National Institutes of Health,,,
clinicalsurvey2.nichd.nih.gov,,,National Institutes of Health,,,
clinicaltables.nlm.nih.gov,,,National Institutes of Health,,,
clinicaltrials.gov,,,National Institutes of Health,,,
clinicianportal.cc.nih.gov,,,National Institutes of Health,,,
clinomics.ccr.cancer.gov,,,National Institutes of Health,,,
clinregs.niaid.nih.gov,,,National Institutes of Health,,,
cloud.nih.gov,,,National Institutes of Health,,,
cmm.ccr.cancer.gov,,,National Institutes of Health,,,
cmm.cit.nih.gov,,,National Institutes of Health,,,
cmn-meetings.nimh.nih.gov,,,National Institutes of Health,,,
cms.csr.nih.gov,,,National Institutes of Health,,,
cnap.nhlbi.nih.gov,,,National Institutes of Health,,,
cnrm-dr.nih.gov,,,National Institutes of Health,,,
cnrm.nih.gov,,,National Institutes of Health,,,
cogancollection.nei.nih.gov,,,National Institutes of Health,,,
coganpix.nei.nih.gov,,,National Institutes of Health,,,
collaborate-acl.hhs.gov,,,National Institutes of Health,,,
collaboration.nichd.nih.gov,,,National Institutes of Health,,,
collections.nlm.nih.gov,,,National Institutes of Health,,,
colwebprod01.nhgri.nih.gov,,,National Institutes of Health,,,
commonfund.nih.gov,,,National Institutes of Health,,,
communities.nci.nih.gov,,,National Institutes of Health,,,
commuter.ors.od.nih.gov,,,National Institutes of Health,,,
confluence.ncbi.nlm.nih.gov,,,National Institutes of Health,,,
confluencecolo.ncbi.nlm.nih.gov,,,National Institutes of Health,,,
connect.niaid.nih.gov,,,National Institutes of Health,,,
connect.niddk.nih.gov,,,National Institutes of Health,,,
connectmobile.niaid.nih.gov,,,National Institutes of Health,,,
consensus.nih.gov,,,National Institutes of Health,,,
contracts.nichd.nih.gov,,,National Institutes of Health,,,
correlogo.ncifcrf.gov,,,National Institutes of Health,,,
council.nichd.nih.gov,,,National Institutes of Health,,,
cptac3.cancer.gov,,,National Institutes of Health,,,
crimsonredcap.cc.nih.gov,,,National Institutes of Health,,,
cris.cc.nih.gov,,,National Institutes of Health,,,
crm.od.nih.gov,,,National Institutes of Health,,,
crtpfm1.ncifcrf.gov,,,National Institutes of Health,,,
crtpfm2.ncifcrf.gov,,,National Institutes of Health,,,
cru.dpcpsi.nih.gov,,,National Institutes of Health,,,
cru.niehs.nih.gov,,,National Institutes of Health,,,
csosmember.nhlbi.nih.gov,,,National Institutes of Health,,,
cssi-dcc.nci.nih.gov,,,National Institutes of Health,,,
ctd2-dashboard.nci.nih.gov,,,National Institutes of Health,,,
ctd2-data.nci.nih.gov,,,National Institutes of Health,,,
ctdb.nichd.nih.gov,,,National Institutes of Health,,,
ctep.cancer.gov,,,National Institutes of Health,,,
ctepcore.nci.nih.gov,,,National Institutes of Health,,,
ctepcorebeta.nci.nih.gov,,,National Institutes of Health,,,
ctepcoreint.nci.nih.gov,,,National Institutes of Health,,,
ctglabs-dev.ncbi.nlm.nih.gov,,,National Institutes of Health,,,
ctglabs.ncbi.nlm.nih.gov,,,National Institutes of Health,,,
ctms.cnrm.nih.gov,,,National Institutes of Health,,,
ctpconsole-stage.nci.nih.gov,,,National Institutes of Health,,,
ctpconsole.nci.nih.gov,,,National Institutes of Health,,,
cts.nlm.nih.gov,,,National Institutes of Health,,,
ctsa.ncats.nih.gov,,,National Institutes of Health,,,
cup.nlm.nih.gov,,,National Institutes of Health,,,
cylofold.ncifcrf.gov,,,National Institutes of Health,,,
dabdsearch.irp.nia.nih.gov,,,National Institutes of Health,,,
dagr.ccr.cancer.gov,,,National Institutes of Health,,,
das.hhs.gov,,,National Institutes of Health,,,
dashboard.lrp.nih.gov,,,National Institutes of Health,,,
data.nidb.nih.gov,,,National Institutes of Health,,,
data.ninds.nih.gov,,,National Institutes of Health,,,
dataguide.nlm.nih.gov,,,National Institutes of Health,,,
datascience.nih.gov,,,National Institutes of Health,,,
datashare.nei.nih.gov,,,National Institutes of Health,,,
datashare.nida.nih.gov,,,National Institutes of Health,,,
dataview.ncbi.nlm.nih.gov,,,National Institutes of Health,,,
david-abcc.ncifcrf.gov,,,National Institutes of Health,,,
david.ncifcrf.gov,,,National Institutes of Health,,,
dbgap.ncbi.nlm.nih.gov,,,National Institutes of Health,,,
dcb.cit.nih.gov,,,National Institutes of Health,,,
dccps-ws.nci.nih.gov,,,National Institutes of Health,,,
dci.ncats.nih.gov,,,National Institutes of Health,,,
dcms.nlm.nih.gov,,,National Institutes of Health,,,
dcms.wip.nlm.nih.gov,,,National Institutes of Health,,,
dctd.cancer.gov,,,National Institutes of Health,,,
dctddataserver.nci.nih.gov,,,National Institutes of Health,,,
dctdextranet.cancer.gov,,,National Institutes of Health,,,
dctdodproject.nci.nih.gov,,,National Institutes of Health,,,
deainfo.nci.nih.gov,,,National Institutes of Health,,,
delegations.nih.gov,,,National Institutes of Health,,,
demystifyingmedicine.od.nih.gov,,,National Institutes of Health,,,
denosumab.ctss.nih.gov,,,National Institutes of Health,,,
dev.radx-hub.nih.gov,,,National Institutes of Health,,,
dictionary.cdrns.nih.gov,,,National Institutes of Health,,,
dictionary.cnrm-dr.nih.gov,,,National Institutes of Health,,,
dictionary.fitbir.nih.gov,,,National Institutes of Health,,,
dictionary.pdbp.ninds.nih.gov,,,National Institutes of Health,,,
dictionarybrics.nei.nih.gov,,,National Institutes of Health,,,
diffusion.lobos.nih.gov,,,National Institutes of Health,,,
digitalpolicy.niaid.nih.gov,,,National Institutes of Health,,,
dir.nhlbi.nih.gov,,,National Institutes of Health,,,
dir.nichd.nih.gov,,,National Institutes of Health,,,
dir2.nichd.nih.gov,,,National Institutes of Health,,,
dirbsc.nhlbi.nih.gov,,,National Institutes of Health,,,
dirkozel.nhlbi.nih.gov,,,National Institutes of Health,,,
dirweb.nhlbi.nih.gov,,,National Institutes of Health,,,
dis-iclab.cit.nih.gov,,,National Institutes of Health,,,
dis-waiver.cit.nih.gov,,,National Institutes of Health,,,
dis.cit.nih.gov,,,National Institutes of Health,,,
dis.ors.od.nih.gov,,,National Institutes of Health,,,
disasterinfo.nlm.nih.gov,,,National Institutes of Health,,,
disasterlit.nlm.nih.gov,,,National Institutes of Health,,,
discover.nci.nih.gov,,,National Institutes of Health,,,
diversity.nih.gov,,,National Institutes of Health,,,
dmidservices.niaid.nih.gov,,,National Institutes of Health,,,
dnaregistry.niehs.nih.gov,,,National Institutes of Health,,,
dnaregistrystage.niehs.nih.gov,,,National Institutes of Health,,,
dnssectest.medlineplus.gov,,,National Institutes of Health,,,
documentation.uts.nlm.nih.gov,,,National Institutes of Health,,,
down.ncbi.nlm.nih.gov,,,National Institutes of Health,,,
dpcpsi.nih.gov,,,National Institutes of Health,,,
dr2.nlm.nih.gov,,,National Institutes of Health,,,
drm.csr.nih.gov,,,National Institutes of Health,,,
drpseq.cancer.gov,,,National Institutes of Health,,,
druginfo.nlm.nih.gov,,,National Institutes of Health,,,
drymouthgenestudy.nidcr.nih.gov,,,National Institutes of Health,,,
dsid.od.nih.gov,,,National Institutes of Health,,,
dsld.od.nih.gov,,,National Institutes of Health,,,
dsrtp.niddk.nih.gov,,,National Institutes of Health,,,
dtd.nlm.nih.gov,,,National Institutes of Health,,,
dtp.cancer.gov,,,National Institutes of Health,,,
e-bidboard.nih.gov,,,National Institutes of Health,,,
e-protocol.od.nih.gov,,,National Institutes of Health,,,
eai.nlm.nih.gov,,,National Institutes of Health,,,
eapinterprd.nimh.nih.gov,,,National Institutes of Health,,,
ebbext-vip.niaid.nih.gov,,,National Institutes of Health,,,
ebms.nci.nih.gov,,,National Institutes of Health,,,
eclkc-ohs-acf-hhs-gov,,,National Institutes of Health,,,
ecns.nih.gov,,,National Institutes of Health,,,
ecollab.niaid.nih.gov,,,National Institutes of Health,,,
econnect.nhlbi.nih.gov,,,National Institutes of Health,,,
ecps-training.nih.gov,,,National Institutes of Health,,,
ecps.nih.gov,,,National Institutes of Health,,,
ecpseum-vip.niaid.nih.gov,,,National Institutes of Health,,,
ecsiii.od.nih.gov,,,National Institutes of Health,,,
edtd.niaid.nih.gov,,,National Institutes of Health,,,
effectivehealthcare.ahrq.gov,,,National Institutes of Health,,,
egos-demo.od.nih.gov,,,National Institutes of Health,,,
elementsofmorphology.nih.gov,,,National Institutes of Health,,,
eltrombopagfa.ctss.nih.gov,,,National Institutes of Health,,,
encompass.ninds.nih.gov,,,National Institutes of Health,,,
endingthedocumentgame.gov,,,National Institutes of Health,,,
epidemiologywg.irp.nia.nih.gov,,,National Institutes of Health,,,
era.nih.gov,,,National Institutes of Health,,,
erds.niaid.nih.gov,,,National Institutes of Health,,,
eresources.nlm.nih.gov,,,National Institutes of Health,,,
erss-reviewer.nih.gov,,,National Institutes of Health,,,
esbank.nia.nih.gov,,,National Institutes of Health,,,
esbl.nhlbi.nih.gov,,,National Institutes of Health,,,
escellbank.nia.nih.gov,,,National Institutes of Health,,,
espanol.smokefree.gov,,,National Institutes of Health,,,
esps.nccih.nih.gov,,,National Institutes of Health,,,
ethics.od.nih.gov,,,National Institutes of Health,,,
ethicstraining.od.nih.gov,,,National Institutes of Health,,,
etims.od.nih.gov,,,National Institutes of Health,,,
etsp.ninds.nih.gov,,,National Institutes of Health,,,
etsplab.ninds.nih.gov,,,National Institutes of Health,,,
eutils.ncbi.nlm.nih.gov,,,National Institutes of Health,,,
ewps.niehs.nih.gov,,,National Institutes of Health,,,
excessproductcatalog.od.nih.gov,,,National Institutes of Health,,,
excite.ctss.nih.gov,,,National Institutes of Health,,,
exclusions.oig.hhs.gov,,,National Institutes of Health,,,
execsec.od.nih.gov,,,National Institutes of Health,,,
exercise.ctss.nih.gov,,,National Institutes of Health,,,
exporter.nih.gov,,,National Institutes of Health,,,
extconnect.ninds.nih.gov,,,National Institutes of Health,,,
externalithelp.niaid.nih.gov,,,National Institutes of Health,,,
extowa.ninds.nih.gov,,,National Institutes of Health,,,
extramural-diversity.nih.gov,,,National Institutes of Health,,,
extranet.nichd.nih.gov,,,National Institutes of Health,,,
extshare.ninds.nih.gov,,,National Institutes of Health,,,
eyegene-demo.cit.nih.gov,,,National Institutes of Health,,,
eyegene.nih.gov,,,National Institutes of Health,,,
eyeintegration.nei.nih.gov,,,National Institutes of Health,,,
eyepsc-demo.cit.nih.gov,,,National Institutes of Health,,,
eyepsc.nei.nih.gov,,,National Institutes of Health,,,
ezlib.ncifcrf.gov,,,National Institutes of Health,,,
ezproxyhhs.nihlibrary.nih.gov,,,National Institutes of Health,,,
factorstage.niehs.nih.gov,,,National Institutes of Health,,,
fda.gov,,,National Institutes of Health,,,
fdanj.nlm.nih.gov,,,National Institutes of Health,,,
fdasis.nlm.nih.gov,,,National Institutes of Health,,,
federation.nih.gov,,,National Institutes of Health,,,
federationdev.nih.gov,,,National Institutes of Health,,,
feedback2.csr.nih.gov,,,National Institutes of Health,,,
femto.niddk.nih.gov,,,National Institutes of Health,,,
fetalgrowth.nichd.nih.gov,,,National Institutes of Health,,,
filetransfer.niehs.nih.gov,,,National Institutes of Health,,,
fim.nimh.nih.gov,,,National Institutes of Health,,,
fitbir-dd-demo.cit.nih.gov,,,National Institutes of Health,,,
fitbir-demo.cit.nih.gov,,,National Institutes of Health,,,
fitbir.nih.gov,,,National Institutes of Health,,,
fixit.nih.gov,,,National Institutes of Health,,,
fmd.ctss.nih.gov,,,National Institutes of Health,,,
fmrif.nimh.nih.gov,,,National Institutes of Health,,,
formbuilder.nci.nih.gov,,,National Institutes of Health,,,
forms.niddk.nih.gov,,,National Institutes of Health,,,
forms.oig.hhs.gov,,,National Institutes of Health,,,
fox.nhlbi.nih.gov,,,National Institutes of Health,,,
fr-s-bsg-hgi-0.ncifcrf.gov,,,National Institutes of Health,,,
fr-s-ccr-web3.nci.nih.gov,,,National Institutes of Health,,,
frappuccino.nhlbi.nih.gov,,,National Institutes of Health,,,
frederick.cancer.gov,,,National Institutes of Health,,,
frenchpress.nhgri.nih.gov,,,National Institutes of Health,,,
fsabcl-pbrws01p.ncifcrf.gov,,,National Institutes of Health,,,
fscigl-trups01p.ncifcrf.gov,,,National Institutes of Health,,,
fss.nichd.nih.gov,,,National Institutes of Health,,,
ftp.ncbi.nlm.nih.gov,,,National Institutes of Health,,,
ftp.nlm.nih.gov,,,National Institutes of Health,,,
fusion.nhgri.nih.gov,,,National Institutes of Health,,,
gau.ccr.cancer.gov,,,National Institutes of Health,,,
gbm-biodp.nci.nih.gov,,,National Institutes of Health,,,
geller.nhlbi.nih.gov,,,National Institutes of Health,,,
genecollections.nci.nih.gov,,,National Institutes of Health,,,
genemachine.nhgri.nih.gov,,,National Institutes of Health,,,
genome.ucsc.edu/,,,National Institutes of Health,,,
genomics.ccr.cancer.gov,,,National Institutes of Health,,,
germsage.nichd.nih.gov,,,National Institutes of Health,,,
ghexcesskids.ctss.nih.gov,,,National Institutes of Health,,,
ginas.ncats.nih.gov,,,National Institutes of Health,,,
gis.nlm.nih.gov,,,National Institutes of Health,,,
git.lobos.nih.gov,,,National Institutes of Health,,,
github.niaid.nih.gov,,,National Institutes of Health,,,
globalspecimens.niaid.nih.gov,,,National Institutes of Health,,,
gonadsage.nichd.nih.gov,,,National Institutes of Health,,,
gp.nichd.nih.gov,,,National Institutes of Health,,,
grandchallengesgmh.nimh.nih.gov,,,National Institutes of Health,,,
grantees-cancercontrol.cancer.gov,,,National Institutes of Health,,,
grants.nih.gov,,,National Institutes of Health,,,
grasp.nhlbi.nih.gov,,,National Institutes of Health,,,
grdr-demo.cit.nih.gov,,,National Institutes of Health,,,
grdr-guid.ncats.nih.gov,,,National Institutes of Health,,,
gsspubssl.nci.nih.gov,,,National Institutes of Health,,,
handls.irp.nia.nih.gov,,,National Institutes of Health,,,
handls.nih.gov,,,National Institutes of Health,,,
haplo.ctss.nih.gov,,,National Institutes of Health,,,
harbison.nhlbi.nih.gov,,,National Institutes of Health,,,
hcmi-searchable-catalog.nci.nih.gov,,,National Institutes of Health,,,
hdjamfmgtep01.nichd.nih.gov,,,National Institutes of Health,,,
healthyeating.nhlbi.nih.gov,,,National Institutes of Health,,,
helixweb.nih.gov,,,National Institutes of Health,,,
help.lobos.nih.gov,,,National Institutes of Health,,,
heo.nih.gov,,,National Institutes of Health,,,
hescregapp.od.nih.gov,,,National Institutes of Health,,,
heterogeneity.niaid.nih.gov,,,National Institutes of Health,,,
hibmstudy.nhgri.nih.gov,,,National Institutes of Health,,,
hints.cancer.gov,,,National Institutes of Health,,,
history.nih.gov,,,National Institutes of Health,,,
hivinfo.nih.gov,,,National Institutes of Health,,,
hmddirectory.nlm.nih.gov,,,National Institutes of Health,,,
home.ncifcrf.gov,,,National Institutes of Health,,,
hope.ctss.nih.gov,,,National Institutes of Health,,,
hopesaa.ctss.nih.gov,,,National Institutes of Health,,,
howard.nichd.nih.gov,,,National Institutes of Health,,,
hpc.nih.gov,,,National Institutes of Health,,,
hpcwebapps.cit.nih.gov,,,National Institutes of Health,,,
hsric.nlm.nih.gov,,,National Institutes of Health,,,
hsrproject.nlm.nih.gov,,,National Institutes of Health,,,
hsrr.nlm.nih.gov,,,National Institutes of Health,,,
hsrr.wip.nlm.nih.gov,,,National Institutes of Health,,,
iacc.hhs.gov,,,National Institutes of Health,,,
iam.csr.nih.gov,,,National Institutes of Health,,,
ibc-rms.od.nih.gov,,,National Institutes of Health,,,
ice.ntp.niehs.nih.gov,,,National Institutes of Health,,,
icmr.nhlbi.nih.gov,,,National Institutes of Health,,,
icrc.nci.nih.gov,,,National Institutes of Health,,,
id.nlm.nih.gov,,,National Institutes of Health,,,
id.wip.nlm.nih.gov,,,National Institutes of Health,,,
ids.nhlbi.nih.gov,,,National Institutes of Health,,,
ii.nlm.nih.gov,,,National Institutes of Health,,,
iiif.nlm.nih.gov,,,National Institutes of Health,,,
iiif.wip.nlm.nih.gov,,,National Institutes of Health,,,
image.nih.gov,,,National Institutes of Health,,,
imagej.cit.nih.gov,,,National Institutes of Health,,,
imagej.nih.gov,,,National Institutes of Health,,,
images.nigms.nih.gov,,,National Institutes of Health,,,
images.nimh.nih.gov,,,National Institutes of Health,,,
imaging.cancer.gov,,,National Institutes of Health,,,
imaging.nci.nih.gov,,,National Institutes of Health,,,
imat.cancer.gov,,,National Institutes of Health,,,
immport-submission.niaid.nih.gov,,,National Institutes of Health,,,
immport-user-admin.niaid.nih.gov,,,National Institutes of Health,,,
immport.niaid.nih.gov,,,National Institutes of Health,,,
ims.nlm.nih.gov,,,National Institutes of Health,,,
indexcat.nlm.nih.gov,,,National Institutes of Health,,,
inflammatory.nhlbi.nih.gov,,,National Institutes of Health,,,
infodicom.nhlbi.nih.gov,,,National Institutes of Health,,,
infoquality.osp.od.nih.gov,,,National Institutes of Health,,,
inro.niaid.nih.gov,,,National Institutes of Health,,,
intbir.nih.gov,,,National Institutes of Health,,,
internet-prod.apps.nhlbi.nih.gov,,,National Institutes of Health,,,
internet-stage.nhlbi.nih.gov,,,National Institutes of Health,,,
intramural.nih.gov,,,National Institutes of Health,,,
intramural.nimh.nih.gov,,,National Institutes of Health,,,
intranet.wip.nlm.nih.gov,,,National Institutes of Health,,,
inxight.nih.gov,,,National Institutes of Health,,,
ipsc.ncats.nih.gov,,,National Institutes of Health,,,
irad.nih.gov,,,National Institutes of Health,,,
irb.cc.nih.gov,,,National Institutes of Health,,,
irb.nih.gov,,,National Institutes of Health,,,
irbo.nih.gov,,,National Institutes of Health,,,
ird.nichd.nih.gov,,,National Institutes of Health,,,
iris.helpdesk.nih.gov,,,National Institutes of Health,,,
irp-positions.nih.gov,,,National Institutes of Health,,,
irp.nih.gov,,,National Institutes of Health,,,
irtsectraining.nih.gov,,,National Institutes of Health,,,
isomir.ccr.cancer.gov,,,National Institutes of Health,,,
itbwebmw01.nhgri.nih.gov,,,National Institutes of Health,,,
itcr.cancer.gov,,,National Institutes of Health,,,
itcr.nci.nih.gov,,,National Institutes of Health,,,
jamf.nhgri.nih.gov,,,National Institutes of Health,,,
jats.nlm.nih.gov,,,National Institutes of Health,,,
jdm.ctss.nih.gov,,,National Institutes of Health,,,
jira.ncbi.nlm.nih.gov,,,National Institutes of Health,,,
jira.nlm.nih.gov,,,National Institutes of Health,,,
joinastudystage.niehs.nih.gov,,,National Institutes of Health,,,
jumpstart.nih.gov,,,National Institutes of Health,,,
kids.niehs.nih.gov,,,National Institutes of Health,,,
kidsstage.niehs.nih.gov,,,National Institutes of Health,,,
knetfold.ncifcrf.gov,,,National Institutes of Health,,,
kona.nhgri.nih.gov,,,National Institutes of Health,,,
kurage.nimh.nih.gov,,,National Institutes of Health,,,
labalaban.nhlbi.nih.gov,,,National Institutes of Health,,,
last-uscrs.nlm.nih.gov,,,National Institutes of Health,,,
last-uts.nlm.nih.gov,,,National Institutes of Health,,,
last-utslogin.nlm.nih.gov,,,National Institutes of Health,,,
last-utsws.nlm.nih.gov,,,National Institutes of Health,,,
last.nlm.nih.gov,,,National Institutes of Health,,,
ldn.nhlbi.nih.gov,,,National Institutes of Health,,,
learn.niaid.nih.gov,,,National Institutes of Health,,,
learn.nlm.nih.gov,,,National Institutes of Health,,,
learn.wip.nlm.nih.gov,,,National Institutes of Health,,,
learningcenter.niaid.nih.gov,,,National Institutes of Health,,,
ledermanlab.nhlbi.nih.gov,,,National Institutes of Health,,,
leelab.nci.nih.gov,,,National Institutes of Health,,,
lforms-fhir.nlm.nih.gov,,,National Institutes of Health,,,
lforms-formbuilder.nlm.nih.gov,,,National Institutes of Health,,,
lforms-service.wip.nlm.nih.gov,,,National Institutes of Health,,,
lforms-smart-fhir.nlm.nih.gov,,,National Institutes of Health,,,
lgdfm1.ncifcrf.gov,,,National Institutes of Health,,,
lgdfm2.ncifcrf.gov,,,National Institutes of Health,,,
lgdfm3.ncifcrf.gov,,,National Institutes of Health,,,
lgsun.grc.nia.nih.gov,,,National Institutes of Health,,,
lgsun.irp.nia.nih.gov,,,National Institutes of Health,,,
lhc-formbuilder.lhc.nlm.nih.gov,,,National Institutes of Health,,,
lhc-formbuilder.nlm.nih.gov,,,National Institutes of Health,,,
lhce-brat.nlm.nih.gov,,,National Institutes of Health,,,
lhcforms.nlm.nih.gov,,,National Institutes of Health,,,
lhslc.ahrq.gov,,,National Institutes of Health,,,
linus.nci.nih.gov,,,National Institutes of Health,,,
livelink.nida.nih.gov,,,National Institutes of Health,,,
locate.ncbi.nlm.nih.gov,,,National Institutes of Health,,,
locatorplus.gov,,,National Institutes of Health,,,
locatorplus.nlm.nih.gov,,,National Institutes of Health,,,
locatorplus.wip.nlm.nih.gov,,,National Institutes of Health,,,
login.ezlib.ncifcrf.gov,,,National Institutes of Health,,,
login.ezproxy.nihlibrary.nih.gov,,,National Institutes of Health,,,
login.ezproxyhhs.nihlibrary.nih.gov,,,National Institutes of Health,,,
loop.nigms.nih.gov,,,National Institutes of Health,,,
lsg2.nlm.nih.gov,,,National Institutes of Health,,,
lsg3.nlm.nih.gov,,,National Institutes of Health,,,
ltasc.od.nih.gov,,,National Institutes of Health,,,
ltascii.egos.nih.gov,,,National Institutes of Health,,,
m.uat.era.nih.gov,,,National Institutes of Health,,,
manticore.niehs.nih.gov,,,National Institutes of Health,,,
maps.cancer.gov,,,National Institutes of Health,,,
matchfold.abcc.ncifcrf.gov,,,National Institutes of Health,,,
matchfold.ncifcrf.gov,,,National Institutes of Health,,,
matrix.ncats.nih.gov,,,National Institutes of Health,,,
mbr.nlm.nih.gov,,,National Institutes of Health,,,
mbsr.ctss.nih.gov,,,National Institutes of Health,,,
mc3r.nichd.nih.gov,,,National Institutes of Health,,,
mcl1.ncifcrf.gov,,,National Institutes of Health,,,
mdphd.gpp.nih.gov,,,National Institutes of Health,,,
mecfs.ctss.nih.gov,,,National Institutes of Health,,,
medicalsecureemail.nih.gov,,,National Institutes of Health,,,
medlineplus-gov,,,National Institutes of Health,,,
medpix.nlm.nih.gov,,,National Institutes of Health,,,
megar.nichd.nih.gov,,,National Institutes of Health,,,
megcore.nih.gov,,,National Institutes of Health,,,
melanostrum.nci.nih.gov,,,National Institutes of Health,,,
meshb-prev.nlm.nih.gov,,,National Institutes of Health,,,
meshb.nlm.nih.gov,,,National Institutes of Health,,,
meshondemand.nlm.nih.gov,,,National Institutes of Health,,,
metagenote.niaid.nih.gov,,,National Institutes of Health,,,
metamap.nlm.nih.gov,,,National Institutes of Health,,,
mipav.cit.nih.gov,,,National Institutes of Health,,,
mishoe.nhlbi.nih.gov,,,National Institutes of Health,,,
misuse.ncbi.nlm.nih.gov,,,National Institutes of Health,,,
mmtx.nlm.nih.gov,,,National Institutes of Health,,,
mocha-cbioportal.cancer.gov,,,National Institutes of Health,,,
modac.cancer.gov,,,National Institutes of Health,,,
monkeylogic.nimh.nih.gov,,,National Institutes of Health,,,
moodstudy.ctss.nih.gov,,,National Institutes of Health,,,
mor-lhc-vip.nlm.nih.gov,,,National Institutes of Health,,,
mor-nccs-vip.nlm.nih.gov,,,National Institutes of Health,,,
mor.nlm.nih.gov,,,National Institutes of Health,,,
mor.wip.nlm.nih.gov,,,National Institutes of Health,,,
mor2.nlm.nih.gov,,,National Institutes of Health,,,
morc1.nlm.nih.gov,,,National Institutes of Health,,,
mplusapp.nlm.nih.gov,,,National Institutes of Health,,,
mpluscmms.nlm.nih.gov,,,National Institutes of Health,,,
mpluscmms.wip.nlm.nih.gov,,,National Institutes of Health,,,
mregs.nih.gov,,,National Institutes of Health,,,
mriatlases.nih.gov,,,National Institutes of Health,,,
mscl.cit.nih.gov,,,National Institutes of Health,,,
msdist33.ncbi.nlm.nih.gov,,,National Institutes of Health,,,
mticatwhy.nlm.nih.gov,,,National Institutes of Health,,,
mtiwhy.nlm.nih.gov,,,National Institutes of Health,,,
mtrac.nichd.nih.gov,,,National Institutes of Health,,,
mtrac2.nichd.nih.gov,,,National Institutes of Health,,,
mwr.obssr.od.nih.gov,,,National Institutes of Health,,,
mynci.cancer.gov,,,National Institutes of Health,,,
mypropertymobile.nih.gov,,,National Institutes of Health,,,
mypropertymobileqa.nih.gov,,,National Institutes of Health,,,
mysites.ncats.nih.gov,,,National Institutes of Health,,,
mysitesext.ncats.nih.gov,,,National Institutes of Health,,,
nanolab.cancer.gov,,,National Institutes of Health,,,
nars.cc.nih.gov,,,National Institutes of Health,,,
ncai.nhlbi.nih.gov,,,National Institutes of Health,,,
ncats.nih.gov,,,National Institutes of Health,,,
ncatsamqp.ncats.nih.gov,,,National Institutes of Health,,,
ncatsconnect.nih.gov,,,National Institutes of Health,,,
ncbi.nlm.nih.gov,,,National Institutes of Health,,,
ncbiconfluence.ncbi.nlm.nih.gov,,,National Institutes of Health,,,
ncbijira.ncbi.nlm.nih.gov,,,National Institutes of Health,,,
ncbijiratest.ncbi.nlm.nih.gov,,,National Institutes of Health,,,
nccs-www-1.nlm.nih.gov,,,National Institutes of Health,,,
ncd.nida.nih.gov,,,National Institutes of Health,,,
ncef-monitoring.cancer.gov,,,National Institutes of Health,,,
ncf.nci.nih.gov,,,National Institutes of Health,,,
nci60.cancer.gov,,,National Institutes of Health,,,
ncia-web-prod.nci.nih.gov,,,National Institutes of Health,,,
nciadvocates.cancer.gov,,,National Institutes of Health,,,
ncias-p1814-v.nci.nih.gov,,,National Institutes of Health,,,
ncias-p1898-v.nci.nih.gov,,,National Institutes of Health,,,
nciformulary.cancer.gov,,,National Institutes of Health,,,
ncifrederick.cancer.gov,,,National Institutes of Health,,,
ncifshare.cancer.gov,,,National Institutes of Health,,,
ncim.nci.nih.gov,,,National Institutes of Health,,,
ncimeta.nci.nih.gov,,,National Institutes of Health,,,
ncimetathesaurus.nci.nih.gov,,,National Institutes of Health,,,
ncimvn.nci.nih.gov,,,National Institutes of Health,,,
ncit-stage.nci.nih.gov,,,National Institutes of Health,,,
ncit.cancer.gov,,,National Institutes of Health,,,
ncit.nci.nih.gov,,,National Institutes of Health,,,
ncitermform-stage.nci.nih.gov,,,National Institutes of Health,,,
ncitermform.nci.nih.gov,,,National Institutes of Health,,,
ncrms.niaid.nih.gov,,,National Institutes of Health,,,
ncrmsrs.niaid.nih.gov,,,National Institutes of Health,,,
ncrmsws.niaid.nih.gov,,,National Institutes of Health,,,
ncwoos.niaid.nih.gov,,,National Institutes of Health,,,
ned.nih.gov,,,National Institutes of Health,,,
nedportal.nih.gov,,,National Institutes of Health,,,
nees.nih.gov,,,National Institutes of Health,,,
neibank.nei.nih.gov,,,National Institutes of Health,,,
neiblast.nei.nih.gov,,,National Institutes of Health,,,
neidatacommons-demo.cit.nih.gov,,,National Institutes of Health,,,
neidatacommons.nei.nih.gov,,,National Institutes of Health,,,
nems.nih.gov,,,National Institutes of Health,,,
neurohiv.ctss.nih.gov,,,National Institutes of Health,,,
neuromod.ctss.nih.gov,,,National Institutes of Health,,,
newbornscreeningcodes-lhc.nlm.nih.gov,,,National Institutes of Health,,,
news2use.ors.nih.gov,,,National Institutes of Health,,,
next.cancer.gov,,,National Institutes of Health,,,
nexus.od.nih.gov,,,National Institutes of Health,,,
nhales.ctss.nih.gov,,,National Institutes of Health,,,
nhgriwikidmz01.nhgri.nih.gov,,,National Institutes of Health,,,
nhlbi-asus.nhlbi.nih.gov,,,National Institutes of Health,,,
nhlbi-casper.nhlbi.nih.gov,,,National Institutes of Health,,,
nhlbijira.nhlbi.nih.gov,,,National Institutes of Health,,,
nhlbivdi.nhlbi.nih.gov,,,National Institutes of Health,,,
nhs.ncats.nih.gov,,,National Institutes of Health,,,
nia-demo.cit.nih.gov,,,National Institutes of Health,,,
niaid-skype-webext-rock.niaid.nih.gov,,,National Institutes of Health,,,
niairplgsun.irp.nia.nih.gov,,,National Institutes of Health,,,
niairpsearches.irp.nia.nih.gov,,,National Institutes of Health,,,
niairpsurvey.irp.nia.nih.gov,,,National Institutes of Health,,,
nichddirsage.nichd.nih.gov,,,National Institutes of Health,,,
nidaextshare.nida.nih.gov,,,National Institutes of Health,,,
nidb.nih.gov,,,National Institutes of Health,,,
nidcdmunki.nidcd.nih.gov,,,National Institutes of Health,,,
nidcr-ldgw.nidcr.nih.gov,,,National Institutes of Health,,,
niehs.nih.gov,,,National Institutes of Health,,,
nifti-dev.nimh.nih.gov,,,National Institutes of Health,,,
nifti.nimh.nih.gov,,,National Institutes of Health,,,
nigms-moe-sec01.nigms.nih.gov,,,National Institutes of Health,,,
nigms-moe-sec02.nigms.nih.gov,,,National Institutes of Health,,,
nigms.nih.gov,,,National Institutes of Health,,,
nih-cbstp.nci.nih.gov,,,National Institutes of Health,,,
nih-library.nih.gov,,,National Institutes of Health,,,
nihbpss.olao.od.nih.gov,,,National Institutes of Health,,,
nihcats.olao.od.nih.gov,,,National Institutes of Health,,,
nihcatsiii.egos.nih.gov,,,National Institutes of Health,,,
nihdpkicrl.nih.gov,,,National Institutes of Health,,,
nihdpkiocsp.nih.gov,,,National Institutes of Health,,,
nihfsauth.nih.gov,,,National Institutes of Health,,,
nihguide.nih.gov,,,National Institutes of Health,,,
nihjira.ncbi.nlm.nih.gov,,,National Institutes of Health,,,
nihlibrary.ors.nih.gov,,,National Institutes of Health,,,
nihlibrarysearch.nih.gov,,,National Institutes of Health,,,
nihms.nih.gov,,,National Institutes of Health,,,
nihpublications.od.nih.gov,,,National Institutes of Health,,,
nihsc1.od.nih.gov,,,National Institutes of Health,,,
nihsearch.cit.nih.gov,,,National Institutes of Health,,,
nimhcontent.nimh.nih.gov,,,National Institutes of Health,,,
nimhd.nih.gov,,,National Institutes of Health,,,
nimhenrollment.nimh.nih.gov,,,National Institutes of Health,,,
nimhimgprd.nimh.nih.gov,,,National Institutes of Health,,,
nimhmoodresearch.ctss.nih.gov,,,National Institutes of Health,,,
nimhnetprd.nimh.nih.gov,,,National Institutes of Health,,,
nimhresearchvolunteer.ctss.nih.gov,,,National Institutes of Health,,,
nimhsysctrdmz01.nimh.nih.gov,,,National Institutes of Health,,,
nimhwebpx.nimh.nih.gov,,,National Institutes of Health,,,
ninds-demo.cit.nih.gov,,,National Institutes of Health,,,
nindsdirjssext.ninds.nih.gov,,,National Institutes of Health,,,
nlmnccsvpxcb.nlm.nih.gov,,,National Institutes of Health,,,
nlmpubs.nlm.nih.gov,,,National Institutes of Health,,,
nlmrsaweb.nlm.nih.gov,,,National Institutes of Health,,,
nonb-abcc.ncifcrf.gov,,,National Institutes of Health,,,
npmpmobile.nih.gov,,,National Institutes of Health,,,
npmpmobileqa.nih.gov,,,National Institutes of Health,,,
npprod.nidcd.nih.gov,,,National Institutes of Health,,,
npsg.ncifcrf.gov,,,National Institutes of Health,,,
ntp.niehs.nih.gov,,,National Institutes of Health,,,
ntp2.niehs.nih.gov,,,National Institutes of Health,,,
ntpsearch.niehs.nih.gov,,,National Institutes of Health,,,
nttrp.nih.gov,,,National Institutes of Health,,,
oacu.od.nih.gov,,,National Institutes of Health,,,
oacu.oir.nih.gov,,,National Institutes of Health,,,
oalm.od.nih.gov,,,National Institutes of Health,,,
oamp.hbcu.od.nih.gov,,,National Institutes of Health,,,
oamp.od.nih.gov,,,National Institutes of Health,,,
oams.proteomics.cancer.gov,,,National Institutes of Health,,,
oas.lrp.nih.gov,,,National Institutes of Health,,,
objcart.nci.nih.gov,,,National Institutes of Health,,,
obssr.od.nih.gov,,,National Institutes of Health,,,
ocio.nih.gov,,,National Institutes of Health,,,
ocr.od.nih.gov,,,National Institutes of Health,,,
ocrportal.hhs.gov,,,National Institutes of Health,,,
ocrtraining.cit.nih.gov,,,National Institutes of Health,,,
octrials-rpt.nci.nih.gov,,,National Institutes of Health,,,
octrials.nci.nih.gov,,,National Institutes of Health,,,
oculus.nlm.nih.gov,,,National Institutes of Health,,,
odemergencypreparedness.od.nih.gov,,,National Institutes of Health,,,
odnmjamfapp.od.nih.gov,,,National Institutes of Health,,,
odp-tools.od.nih.gov,,,National Institutes of Health,,,
ods.od.nih.gov,,,National Institutes of Health,,,
odspracticum.od.nih.gov,,,National Institutes of Health,,,
oed.nhlbi.nih.gov,,,National Institutes of Health,,,
oer-sharepoint.nih.gov,,,National Institutes of Health,,,
ofacp.cit.nih.gov,,,National Institutes of Health,,,
ofacp.od.nih.gov,,,National Institutes of Health,,,
officeofbudget.od.nih.gov,,,National Institutes of Health,,,
ofm.od.nih.gov,,,National Institutes of Health,,,
oga.hhs.gov,,,National Institutes of Health,,,
ogc.od.nih.gov,,,National Institutes of Health,,,
ohrp.cit.nih.gov,,,National Institutes of Health,,,
ohsr.od.nih.gov,,,National Institutes of Health,,,
ohsrp.nih.gov,,,National Institutes of Health,,,
oir.cit.nih.gov,,,National Institutes of Health,,,
oir.nih.gov,,,National Institutes of Health,,,
oitecareersblog.od.nih.gov,,,National Institutes of Health,,,
olao-nihcatsii.egos.nih.gov,,,National Institutes of Health,,,
olao.od.nih.gov,,,National Institutes of Health,,,
olaw.nih.gov,,,National Institutes of Health,,,
oma.od.nih.gov,,,National Institutes of Health,,,
ombudsman.nih.gov,,,National Institutes of Health,,,
ome.grc.nia.nih.gov,,,National Institutes of Health,,,
ome.irp.nia.nih.gov,,,National Institutes of Health,,,
omh.hhs.gov,,,National Institutes of Health,,,
omhaportal.hhs.gov,,,National Institutes of Health,,,
omics-oncogenomics.ccr.cancer.gov,,,National Institutes of Health,,,
oosout.ncats.nih.gov,,,National Institutes of Health,,,
opendata.ncats.nih.gov,,,National Institutes of Health,,,
openi.nlm.nih.gov,,,National Institutes of Health,,,
orbit.nlm.nih.gov,,,National Institutes of Health,,,
ordrportal.ncats.nih.gov,,,National Institutes of Health,,,
orio.niehs.nih.gov,,,National Institutes of Health,,,
orip.nih.gov,,,National Institutes of Health,,,
ors.od.nih.gov,,,National Institutes of Health,,,
orso.niehs.nih.gov,,,National Institutes of Health,,,
orsp-extmdm1.ors.nih.gov,,,National Institutes of Health,,,
orwh.od.nih.gov,,,National Institutes of Health,,,
os1.cc.nih.gov,,,National Institutes of Health,,,
osp.od.nih.gov,,,National Institutes of Health,,,
ostr.ccr.cancer.gov,,,National Institutes of Health,,,
otp.nih.gov,,,National Institutes of Health,,,
outage.niehs.nih.gov,,,National Institutes of Health,,,
oxcam.gpp.nih.gov,,,National Institutes of Health,,,
pain.ctss.nih.gov,,,National Institutes of Health,,,
pain.ninds.nih.gov,,,National Institutes of Health,,,
painlab.ninds.nih.gov,,,National Institutes of Health,,,
panache.ninds.nih.gov,,,National Institutes of Health,,,
pansstudy.ctss.nih.gov,,,National Institutes of Health,,,
parkinsonclinic.ninds.nih.gov,,,National Institutes of Health,,,
partners.niehs.nih.gov,,,National Institutes of Health,,,
partnersstage.niehs.nih.gov,,,National Institutes of Health,,,
patientlibrary.cc.nih.gov,,,National Institutes of Health,,,
pave-gt.ncats.nih.gov,,,National Institutes of Health,,,
pave.niaid.nih.gov,,,National Institutes of Health,,,
pbrowse3-abcc.ncifcrf.gov,,,National Institutes of Health,,,
pcaso.ctss.nih.gov,,,National Institutes of Health,,,
pcl-proteomics.cancer.gov,,,National Institutes of Health,,,
pdbp-dd-demo.cit.nih.gov,,,National Institutes of Health,,,
pdbp-demo.cit.nih.gov,,,National Institutes of Health,,,
pdbp.ninds.nih.gov,,,National Institutes of Health,,,
pdmdb.cancer.gov,,,National Institutes of Health,,,
pdmr.cancer.gov,,,National Institutes of Health,,,
pdn-screening.ctss.nih.gov,,,National Institutes of Health,,,
pdn-toddler.ctss.nih.gov,,,National Institutes of Health,,,
permitreview.orf.od.nih.gov,,,National Institutes of Health,,,
pharos.ncats.nih.gov,,,National Institutes of Health,,,
pheo.nichd.nih.gov,,,National Institutes of Health,,,
phpartners.org/,,,National Institutes of Health,,,
phr-demo.nlm.nih.gov,,,National Institutes of Health,,,
physics.cancer.gov,,,National Institutes of Health,,,
pics.olao.od.nih.gov,,,National Institutes of Health,,,
pillbox.nlm.nih.gov,,,National Institutes of Health,,,
pir.nlm.nih.gov,,,National Institutes of Health,,,
pivauth.nih.gov,,,National Institutes of Health,,,
pivauthdev.nih.gov,,,National Institutes of Health,,,
pivauthtest.nih.gov,,,National Institutes of Health,,,
plae.nei.nih.gov,,,National Institutes of Health,,,
pms.psc.gov,,,National Institutes of Health,,,
pmsapp.psc.gov,,,National Institutes of Health,,,
pmssec.dpm.psc.gov,,,National Institutes of Health,,,
pmssectr.dpm.psc.gov,,,National Institutes of Health,,,
policymanual.nih.gov,,,National Institutes of Health,,,
pots-ci.ncats.nih.gov,,,National Institutes of Health,,,
pots-services.ncats.nih.gov,,,National Institutes of Health,,,
prescancerpanel.cancer.gov,,,National Institutes of Health,,,
prevention-tools.od.nih.gov,,,National Institutes of Health,,,
preview.ncbi.nlm.nih.gov,,,National Institutes of Health,,,
preview.nihms.nih.gov,,,National Institutes of Health,,,
privacyruleandresearch.nih.gov,,,National Institutes of Health,,,
probes.ncats.nih.gov,,,National Institutes of Health,,,
probis.nih.gov,,,National Institutes of Health,,,
programportal.hrsa.gov,,,National Institutes of Health,,,
proteome.nih.gov,,,National Institutes of Health,,,
proteomics.cancer.gov,,,National Institutes of Health,,,
provocativequestions.nci.nih.gov,,,National Institutes of Health,,,
prowl-demo.cit.nih.gov,,,National Institutes of Health,,,
prowl.nei.nih.gov,,,National Institutes of Health,,,
prsinfo.clinicaltrials.gov,,,National Institutes of Health,,,
psoriasis.nhlbi.nih.gov,,,National Institutes of Health,,,
pspp.ninds.nih.gov,,,National Institutes of Health,,,
ptfceh.niehs.nih.gov,,,National Institutes of Health,,,
pttmsapi.niaid.nih.gov,,,National Institutes of Health,,,
pttmsservice.niaid.nih.gov,,,National Institutes of Health,,,
pubchem.ncbi.nlm.nih.gov,,,National Institutes of Health,,,
puberty-fertility-study-info.nichd.nih.gov,,,National Institutes of Health,,,
pubertygenetics.nichd.nih.gov,,,National Institutes of Health,,,
public.od.nih.gov,,,National Institutes of Health,,,
public.uat.era.nih.gov,,,National Institutes of Health,,,
publicaccess-nih-gov,,,National Institutes of Health,,,
publicaccess.nih.gov,,,National Institutes of Health,,,
publications.nci.nih.gov,,,National Institutes of Health,,,
pubmatrix.irp.nia.nih.gov,,,National Institutes of Health,,,
pubmed-ncbi-nlm-nih-gov,,,National Institutes of Health,,,
pubmed.gov,,,National Institutes of Health,,,
pubmedhh.nlm.nih.gov,,,National Institutes of Health,,,
pubs.niaaa.nih.gov,,,National Institutes of Health,,,
radx-hub.nih.gov,,,National Institutes of Health,,,
rarediseases.info.nih.gov,,,National Institutes of Health,,,
rcdc.nih.gov,,,National Institutes of Health,,,
rdf.ncbi.nlm.nih.gov,,,National Institutes of Health,,,
rdig.nei.nih.gov,,,National Institutes of Health,,,
receiver-test.niaid.nih.gov,,,National Institutes of Health,,,
receiver.niaid.nih.gov,,,National Institutes of Health,,,
recovery.nih.gov,,,National Institutes of Health,,,
redcap.ncats.nih.gov,,,National Institutes of Health,,,
redcapsurvey.niddk.nih.gov,,,National Institutes of Health,,,
redrecombineering.ncifcrf.gov,,,National Institutes of Health,,,
referee.lrp.nih.gov,,,National Institutes of Health,,,
register.clinicaltrials.gov,,,National Institutes of Health,,,
registries.ncats.nih.gov,,,National Institutes of Health,,,
rehab.research.va.gov,,,National Institutes of Health,,,
relais.nlm.nih.gov,,,National Institutes of Health,,,
remote-nccs.nlm.nih.gov,,,National Institutes of Health,,,
remote.nci.nih.gov,,,National Institutes of Health,,,
remote.niehs.nih.gov,,,National Institutes of Health,,,
remote.nlm.nih.gov,,,National Institutes of Health,,,
remoteaccess.nci.nih.gov,,,National Institutes of Health,,,
remoteaccess.nlm.nih.gov,,,National Institutes of Health,,,
remoteaccesscb.nlm.nih.gov,,,National Institutes of Health,,,
remoteapps.nci.nih.gov,,,National Institutes of Health,,,
remoteithelp.niaid.nih.gov,,,National Institutes of Health,,,
remotepiv.niehs.nih.gov,,,National Institutes of Health,,,
repo.cnrm.nih.gov,,,National Institutes of Health,,,
report.nih.gov,,,National Institutes of Health,,,
reporter.nih.gov,,,National Institutes of Health,,,
research.nhgri.nih.gov,,,National Institutes of Health,,,
researchethics.od.nih.gov,,,National Institutes of Health,,,
researchfestival.nih.gov,,,National Institutes of Health,,,
researchmethodsresources.nih.gov,,,National Institutes of Health,,,
researchtraining.nih.gov,,,National Institutes of Health,,,
retired.nci.nih.gov,,,National Institutes of Health,,,
retreat.nichd.nih.gov,,,National Institutes of Health,,,
retseq.nei.nih.gov,,,National Institutes of Health,,,
rid.ncifcrf.gov,,,National Institutes of Health,,,
rna.nhlbi.nih.gov,,,National Institutes of Health,,,
rnajunction.ncifcrf.gov,,,National Institutes of Health,,,
rock-vpn-pri.niaid.nih.gov,,,National Institutes of Health,,,
rrp.cancer.gov,,,National Institutes of Health,,,
rstudio.niehs.nih.gov,,,National Institutes of Health,,,
rtips.cancer.gov,,,National Institutes of Health,,,
rusan.nhlbi.nih.gov,,,National Institutes of Health,,,
rwiser.nlm.nih.gov,,,National Institutes of Health,,,
rxnav.nlm.nih.gov,,,National Institutes of Health,,,
rxnedit.nlm.nih.gov,,,National Institutes of Health,,,
rxnormui.nlm.nih.gov,,,National Institutes of Health,,,
rxterms-lb.nlm.nih.gov,,,National Institutes of Health,,,
rxterms.nlm.nih.gov,,,National Institutes of Health,,,
s10reports.od.nih.gov,,,National Institutes of Health,,,
saetrs.nida.nih.gov,,,National Institutes of Health,,,
safetyprofiler-ctep.nci.nih.gov,,,National Institutes of Health,,,
saliva.nidcr.nih.gov,,,National Institutes of Health,,,
salivaryproteome.nidcr.nih.gov,,,National Institutes of Health,,,
salud.nih.gov,,,National Institutes of Health,,,
salud.ors.od.nih.gov,,,National Institutes of Health,,,
sampleregistry.nichd.nih.gov,,,National Institutes of Health,,,
sandbox.ntp.niehs.nih.gov,,,National Institutes of Health,,,
sarcoma.cancer.gov,,,National Institutes of Health,,,
sardinia.grc.nia.nih.gov,,,National Institutes of Health,,,
sardinia.irp.nia.nih.gov,,,National Institutes of Health,,,
sardinia.nia.nih.gov,,,National Institutes of Health,,,
sas.cit.nih.gov,,,National Institutes of Health,,,
sbir.cancer.gov,,,National Institutes of Health,,,
sbir.nih.gov,,,National Institutes of Health,,,
sbrblood.nhgri.nih.gov,,,National Institutes of Health,,,
schedule.cc.nih.gov,,,National Institutes of Health,,,
scheduler.ors.od.nih.gov,,,National Institutes of Health,,,
science.education.nih.gov,,,National Institutes of Health,,,
science.nichd.nih.gov,,,National Institutes of Health,,,
scorhe.nih.gov,,,National Institutes of Health,,,
scrubber.nlm.nih.gov,,,National Institutes of Health,,,
sdr-api.ncats.nih.gov,,,National Institutes of Health,,,
sdr.ncats.nih.gov,,,National Institutes of Health,,,
search.grants.nih.gov,,,National Institutes of Health,,,
search.ncats.nih.gov,,,National Institutes of Health,,,
secure-vip.ncbi.nlm.nih.gov,,,National Institutes of Health,,,
secure.ncbi.nlm.nih.gov,,,National Institutes of Health,,,
secureemail.nih.gov,,,National Institutes of Health,,,
security.nih.gov,,,National Institutes of Health,,,
sedfitsedphat.nibib.nih.gov,,,National Institutes of Health,,,
seed.nih.gov,,,National Institutes of Health,,,
seek.niehs.nih.gov,,,National Institutes of Health,,,
semanticnetwork.nlm.nih.gov,,,National Institutes of Health,,,
semrep-https.nlm.nih.gov,,,National Institutes of Health,,,
semrep.nlm.nih.gov,,,National Institutes of Health,,,
semrep.wip.nlm.nih.gov,,,National Institutes of Health,,,
seqseek.ninds.nih.gov,,,National Institutes of Health,,,
services.od.nih.gov,,,National Institutes of Health,,,
sexandgendercourse.od.nih.gov,,,National Institutes of Health,,,
sgmap.nidcr.nih.gov,,,National Institutes of Health,,,
sgrnascorer.cancer.gov,,,National Institutes of Health,,,
sharepoint.niehs.nih.gov,,,National Institutes of Health,,,
sharepoint.nlm.nih.gov,,,National Institutes of Health,,,
sharingwith.niaid.nih.gov,,,National Institutes of Health,,,
shm.cc.nih.gov,,,National Institutes of Health,,,
shuttle.nlm.nih.gov,,,National Institutes of Health,,,
sigs.nih.gov,,,National Institutes of Health,,,
simpleform.nlm.nih.gov,,,National Institutes of Health,,,
sio.nhlbi.nih.gov,,,National Institutes of Health,,,
sip.evs.cancer.gov,,,National Institutes of Health,,,
sirs.nigms.nih.gov,,,National Institutes of Health,,,
sis.nlm.nih.gov,,,National Institutes of Health,,,
sjogrens.nidcr.nih.gov,,,National Institutes of Health,,,
skr.nlm.nih.gov,,,National Institutes of Health,,,
skr3.nlm.nih.gov,,,National Institutes of Health,,,
sleexercise.ctss.nih.gov,,,National Institutes of Health,,,
smokefree.gov,,,National Institutes of Health,,,
sms.nhgri.nih.gov,,,National Institutes of Health,,,
smsnh.nhgri.nih.gov,,,National Institutes of Health,,,
smsnh2.nhgri.nih.gov,,,National Institutes of Health,,,
snengs.nichd.nih.gov,,,National Institutes of Health,,,
snpinfo.niehs.nih.gov,,,National Institutes of Health,,,
soa.nih.gov,,,National Institutes of Health,,,
soadev.nih.gov,,,National Institutes of Health,,,
sourcebook.od.nih.gov,,,National Institutes of Health,,,
sp-fed.ncats.nih.gov,,,National Institutes of Health,,,
spin.niddk.nih.gov,,,National Institutes of Health,,,
spis.cit.nih.gov,,,National Institutes of Health,,,
spreporter.od.nih.gov,,,National Institutes of Health,,,
sprouts.ctss.nih.gov,,,National Institutes of Health,,,
sprs.od.nih.gov,,,National Institutes of Health,,,
sps.od.nih.gov,,,National Institutes of Health,,,
sscc.nimh.nih.gov,,,National Institutes of Health,,,
sso.nci.nih.gov,,,National Institutes of Health,,,
staffdirectory.nigms.nih.gov,,,National Institutes of Health,,,
staffprofiles.cancer.gov,,,National Institutes of Health,,,
stage.niehs.nih.gov,,,National Institutes of Health,,,
staging2as2.safetyreporting.hhs.gov,,,National Institutes of Health,,,
starmetrics.nih.gov,,,National Institutes of Health,,,
static.pubmed.gov,,,National Institutes of Health,,,
stemcelldb.nih.gov,,,National Institutes of Health,,,
stemcells.ncats.nih.gov,,,National Institutes of Health,,,
stemcells.nih.gov,,,National Institutes of Health,,,
stepitup.ctss.nih.gov,,,National Institutes of Health,,,
stooltool.ctss.nih.gov,,,National Institutes of Health,,,
strap.nci.nih.gov,,,National Institutes of Health,,,
stress.ctss.nih.gov,,,National Institutes of Health,,,
structure.ncbi.nlm.nih.gov,,,National Institutes of Health,,,
structuredabstracts.nlm.nih.gov,,,National Institutes of Health,,,
sts.nih.gov,,,National Institutes of Health,,,
stsstg.nih.gov,,,National Institutes of Health,,,
submit.ncbi.nlm.nih.gov,,,National Institutes of Health,,,
summerhealthdisparities.nimhd.nih.gov,,,National Institutes of Health,,,
support.niddk.nih.gov,,,National Institutes of Health,,,
supportorgs.cancer.gov,,,National Institutes of Health,,,
symd.nci.nih.gov,,,National Institutes of Health,,,
sysbiocube-abcc.ncifcrf.gov,,,National Institutes of Health,,,
t42icsc.irp.nia.nih.gov,,,National Institutes of Health,,,
t42recruitment.irp.nia.nih.gov,,,National Institutes of Health,,,
target-data.nci.nih.gov,,,National Institutes of Health,,,
tasks.nida.nih.gov,,,National Institutes of Health,,,
tbiandptsd.ninr.nih.gov,,,National Institutes of Health,,,
tbiexercise.ctss.nih.gov,,,National Institutes of Health,,,
techfinder.nhlbi.nih.gov,,,National Institutes of Health,,,
techtransfer.cancer.gov,,,National Institutes of Health,,,
techtransfer.nih.gov,,,National Institutes of Health,,,
teen.smokefree.gov,,,National Institutes of Health,,,
temp2.nigms.nih.gov,,,National Institutes of Health,,,
tenuretrack.nih.gov,,,National Institutes of Health,,,
test.radx-hub.nih.gov,,,National Institutes of Health,,,
testlfpott.nih.gov,,,National Institutes of Health,,,
testpubchem.ncbi.nlm.nih.gov,,,National Institutes of Health,,,
textrous.irp.nia.nih.gov,,,National Institutes of Health,,,
thesaurus.cancer.gov,,,National Institutes of Health,,,
tms-studies.ctss.nih.gov,,,National Institutes of Health,,,
toolkit.ncats.nih.gov,,,National Institutes of Health,,,
topmed.nhlbi.nih.gov,,,National Institutes of Health,,,
tortoisedti.nichd.nih.gov,,,National Institutes of Health,,,
tox21.gov,,,National Institutes of Health,,,
toxlearn.nlm.nih.gov,,,National Institutes of Health,,,
trace.ncbi.nlm.nih.gov,,,National Institutes of Health,,,
tracker.nci.nih.gov,,,National Institutes of Health,,,
traffic.nih.gov,,,National Institutes of Health,,,
training.ncifcrf.gov,,,National Institutes of Health,,,
tripod.nih.gov,,,National Institutes of Health,,,
trnd.ncats.nih.gov,,,National Institutes of Health,,,
troops.cnrm.nih.gov,,,National Institutes of Health,,,
trp.cancer.gov,,,National Institutes of Health,,,
trsp-intranet.nih.gov,,,National Institutes of Health,,,
ts.nlm.nih.gov,,,National Institutes of Health,,,
tto.ninds.nih.gov,,,National Institutes of Health,,,
uat-rxnedit.nlm.nih.gov,,,National Institutes of Health,,,
ucceventsupport.cit.nih.gov,,,National Institutes of Health,,,
ucum.nlm.nih.gov,,,National Institutes of Health,,,
ucum.wip.nlm.nih.gov,,,National Institutes of Health,,,
uts-ws.nlm.nih.gov,,,National Institutes of Health,,,
uts.nlm.nih.gov,,,National Institutes of Health,,,
utslogin.nlm.nih.gov,,,National Institutes of Health,,,
utsws.nlm.nih.gov,,,National Institutes of Health,,,
uud.ncbi.nlm.nih.gov,,,National Institutes of Health,,,
vac.niaid.nih.gov,,,National Institutes of Health,,,
vaso.ctss.nih.gov,,,National Institutes of Health,,,
vdi.nih.gov,,,National Institutes of Health,,,
venice.cit.nih.gov,,,National Institutes of Health,,,
video.nih.gov,,,National Institutes of Health,,,
videocast.nih.gov,,,National Institutes of Health,,,
visuals.nci.nih.gov,,,National Institutes of Health,,,
visualsonline.cancer.gov,,,National Institutes of Health,,,
vitalflow.niehs.nih.gov,,,National Institutes of Health,,,
vro.ncw.niaid.nih.gov,,,National Institutes of Health,,,
vrolp.niaid.nih.gov,,,National Institutes of Health,,,
vsac.nlm.nih.gov,,,National Institutes of Health,,,
vsac.wip.nlm.nih.gov,,,National Institutes of Health,,,
vsaccollab.nlm.nih.gov,,,National Institutes of Health,,,
vsearch.nlm.nih.gov,,,National Institutes of Health,,,
vtrp.niams.nih.gov,,,National Institutes of Health,,,
wacext.niaid.nih.gov,,,National Institutes of Health,,,
waivercountries.nlm.nih.gov,,,National Institutes of Health,,,
warm.vetpro.org/,,,National Institutes of Health,,,
wasteguide.nih.gov,,,National Institutes of Health,,,
wcf-gard.ncats.nih.gov,,,National Institutes of Health,,,
web-pdalogin.ncbi.nlm.nih.gov,,,National Institutes of Health,,,
websrch.cit.nih.gov,,,National Institutes of Health,,,
webwiser.nlm.nih.gov,,,National Institutes of Health,,,
wellnessatnih.ors.od.nih.gov,,,National Institutes of Health,,,
wellnessnews.ors.nih.gov,,,National Institutes of Health,,,
wiki.nci.nih.gov,,,National Institutes of Health,,,
williamsd.ctss.nih.gov,,,National Institutes of Health,,,
wiser.nlm.nih.gov,,,National Institutes of Health,,,
women.smokefree.gov,,,National Institutes of Health,,,
womeninscience.nih.gov,,,National Institutes of Health,,,
workingwith.niaid.nih.gov,,,National Institutes of Health,,,
wsd.nlm.nih.gov,,,National Institutes of Health,,,
wsearch.wip.nlm.nih.gov,,,National Institutes of Health,,,
wsrch.nlm.nih.gov,,,National Institutes of Health,,,
wsrch.wip.nlm.nih.gov,,,National Institutes of Health,,,
wtracker.ors.od.nih.gov,,,National Institutes of Health,,,
www-cancer-gov,,,National Institutes of Health,,,
www-cdc-gov,,,National Institutes of Health,,,
www-drugabuse-gov,,,National Institutes of Health,,,
www-ncbi-nlm-nih-gov,,,National Institutes of Health,,,
www-nih-gov,,,National Institutes of Health,,,
www-nihlibrary-nih-gov,,,National Institutes of Health,,,
www-nist-gov,,,National Institutes of Health,,,
www-nlm-nih-gov,,,National Institutes of Health,,,
www.charmm.org/,,,National Institutes of Health,,,
www.charmmtutorial.org/,,,National Institutes of Health,,,
www.cmms.nih.gov,,,National Institutes of Health,,,
www.collegedrinkingprevention.gov,,,National Institutes of Health,,,
www.csr.nih.gov,,,National Institutes of Health,,,
www.docline.gov,,,National Institutes of Health,,,
www.fic.nih.gov,,,National Institutes of Health,,,
www.lfmi.ninds.nih.gov,,,National Institutes of Health,,,
www.lobos.nih.gov,,,National Institutes of Health,,,
www.lrp.nih.gov,,,National Institutes of Health,,,
www.ncbi.nlm.nih.gov,,,National Institutes of Health,,,
www.nigms.nih.gov,,,National Institutes of Health,,,
www.nihlibrary.nih.gov,,,National Institutes of Health,,,
www.nihms.nih.gov,,,National Institutes of Health,,,
www.nimh.nih.gov,,,National Institutes of Health,,,
www.nimhd.nih.gov,,,National Institutes of Health,,,
www.ninr.nih.gov,,,National Institutes of Health,,,
www.nisc.nih.gov,,,National Institutes of Health,,,
www.oar.nih.gov,,,National Institutes of Health,,,
www.oir.nih.gov,,,National Institutes of Health,,,
www.orf.od.nih.gov,,,National Institutes of Health,,,
www.ors.od.nih.gov,,,National Institutes of Health,,,
www.ott.nih.gov,,,National Institutes of Health,,,
www.pubmedcentral.nih.gov,,,National Institutes of Health,,,
www.research.nhgri.nih.gov,,,National Institutes of Health,,,
www.rethinkingdrinking.niaaa.nih.gov,,,National Institutes of Health,,,
www.safetyreporting.hhs.gov,,,National Institutes of Health,,,
www.safetytraining.nih.gov,,,National Institutes of Health,,,
www.spectrum.niaaa.nih.gov,,,National Institutes of Health,,,
www.staging2.safetyreporting.hhs.gov,,,National Institutes of Health,,,
www.staging2as2.safetyreporting.hhs.gov,,,National Institutes of Health,,,
www20.od.nih.gov,,,National Institutes of Health,,,
wwwapps.nimh.nih.gov,,,National Institutes of Health,,,
wwwcf.nlm.nih.gov,,,National Institutes of Health,,,
wwwcf2.nlm.nih.gov,,,National Institutes of Health,,,
wwwnc.cdc.gov,,,National Institutes of Health,,,
xen.cc.nih.gov,,,National Institutes of Health,,,
xform.irp.nia.nih.gov,,,National Institutes of Health,,,
zebrafish.nichd.nih.gov,,,National Institutes of Health,,,
zfish.nichd.nih.gov,,,National Institutes of Health,,,
zoo.nhgri.nih.gov,,,National Institutes of Health,,,
58000.nih.gov,,,National Institutes of Health,,,
7trestingstate.ctss.nih.gov,,,National Institutes of Health,,,